frame,ms
0,325.771
1,24.1434
2,0.181875
3,0.111083
4,0.139459
