frame,ms
0,318.231
1,18.4768
2,0.507125
3,0.202084
4,0.285833
