frame,ms
0,315.817
1,9.86108
2,0.40675
3,0.226375
4,0.574791
