frame,ms
0,315.631
1,13.3551
2,0.221625
3,0.214417
4,0.378375
