frame,ms
0,329.645
1,22.4061
2,0.259625
3,0.248084
4,0.202333
5,0.17125
6,0.494959
7,0.16625
8,0.318958
9,0.096541
