frame,ms
0,328.265
1,25.953
2,0.909291
3,0.234791
4,0.102125
5,0.322167
6,0.331375
7,0.205875
8,0.095125
9,0.091
