frame,ms
0,325.209
1,13.9183
2,0.286125
3,0.139333
4,0.106292
5,0.141583
6,0.286708
7,0.086792
8,0.086125
9,0.18725
