frame,ms
0,315.576
1,9.61037
2,0.577417
3,0.290458
4,0.322208
