frame,ms
0,313.555
1,17.0767
2,0.210375
3,0.228291
4,0.192541
