frame,ms
0,314.89
1,12.2465
2,0.248375
3,0.068833
4,0.148042
