frame,ms
0,324.18
1,39.5963
2,0.184583
3,0.24475
4,0.448625
5,0.625291
6,0.545666
7,0.390125
8,0.2275
9,0.113041
