frame,ms
0,322.002
1,38.4485
2,0.20675
3,1.62146
4,0.100583
5,0.102416
6,0.431833
7,0.142291
8,0.247417
9,0.111541
