frame,ms
0,320.541
1,29.1549
2,0.17225
3,0.123875
4,0.134875
5,0.092458
6,0.233625
7,0.421
8,0.104708
9,0.087792
