frame,ms
0,319.464
1,9.79146
2,0.239792
3,0.157333
4,0.350792
