frame,ms
0,311.697
1,7.87204
2,0.138125
3,0.066292
4,0.096375
