frame,ms
0,312.059
1,10.4558
2,0.102333
3,0.081542
4,0.084834
