frame,ms
0,338.646
1,19.5293
2,0.190709
3,0.182875
4,0.538167
5,0.340667
6,0.114042
7,0.208542
8,0.4015
9,0.390417
