frame,ms
0,331.904
1,24.376
2,0.431584
3,0.693875
4,0.394083
5,0.434916
6,0.100542
7,0.161125
8,0.131875
9,0.220917
