frame,ms
0,363.16
1,16.6254
2,7.11821
3,0.37925
4,0.086458
5,0.178833
6,0.3795
7,0.224167
8,0.074583
9,0.099417
