frame,ms
0,321.882
1,34.0874
2,0.277292
3,0.350333
4,0.257583
5,0.486833
6,0.132958
7,0.191792
8,0.464416
9,0.207084
