frame,ms
0,317.084
1,10.2877
2,0.210791
3,0.116917
4,0.21825
