frame,ms
0,325.875
1,26.8075
2,0.248917
3,0.104875
4,0.124458
5,0.073791
6,0.068917
7,0.056042
8,0.069042
9,0.057417
