frame,ms
0,326.99
1,15.4344
2,0.130833
3,0.175625
4,0.107542
5,0.378584
6,0.394208
7,0.213125
8,0.094167
9,0.095417
