frame,ms
0,312.691
1,11.4959
2,0.322416
3,0.224292
4,0.350042
