frame,ms
0,312.783
1,7.85154
2,0.166041
3,0.126708
4,0.142375
