frame,ms
0,322.274
1,15.976
2,0.3165
3,0.242416
4,0.171708
5,0.103625
6,0.123625
7,0.112625
8,0.337875
9,0.194042
