frame,ms
0,314.016
1,8.13
2,0.165583
3,0.089125
4,0.100709
