frame,ms
0,320.887
1,14.9644
2,0.308584
3,0.425084
4,0.20475
