{
  "app_version": "1.0.0",
  "os": "macOS",
  "plugin": "",
  "target_fps": 60,
  "avg_ms": 0.0481508,
  "p95_ms": 0.107666,
  "p99_ms": 0.132375,
  "dropped_pct": 0.166667,
  "total_frames": 600
}
