frame,ms
0,319.59
1,38.9127
2,0.627875
3,0.161875
4,0.09175
