frame,ms
0,323.068
1,29.1123
2,0.239708
3,0.208834
4,0.2235
5,0.253042
6,0.209459
7,0.16925
8,0.198958
9,0.202208
