frame,ms
0,317.247
1,9.01187
2,0.104292
3,0.096125
4,0.127333
